GP01,Outdoor Retreat
EP01,Get to Work
SP01,Luxury Party Stuff
SP02,Perfect Patio Stuff
GP02,Day Spa
SP03,Cool Kitchen Stuff
SP04,Spooky Stuff
EP02,Get Together
SP05,Movie Hangout Stuff
SP06,Romantic Garden Stuff
GP03,Dine Out
SP07,Kids Room Stuff
SP08,Backyard Stuff
EP03,City Living
SP09,Vintage Glamour Stuff
GP04,Vampires
SP10,Bowling Stuff
GP05,Parenthood
SP11,Fitness Stuff
SP12,Toddlers Stuff
EP04,Cats and Dogs
SP13,Laundry Day
GP06,Jungle Adventure
SP14,My First Pet Stuff
EP05,Seasons
EP06,Get Famous
GP07,StrangerVille
EP07,Island Living
SP15,Moschino Stuff
GP08,Realm of Magic
EP08,Discover University
SP16,Tiny Living Stuff
EP09,Eco Lifestyle
SP17,Nifty Knitting Stuff
GP09,Star Wars: Journey to Batuu
EP10,Snowy Escape
SP18,Paranormal
SP20,Throwback Fit
SP21,Country Kitchen
SP22,Bust the Dust
SP23,Courtyard Oasis
GP10,Dream Home Decorator
EP11,Cottage Living
SP25,Industrial Loft
SP24,Fashion Street
SP26,Incheon Arrivals
SP29,Blooming Rooms
SP28,Modern Menswear
SP30,Carnaval Streetwear
GP11,My Wedding Stories
SP31,Decor to the Max
SP32,Moonlight Chic
SP33,Little Campers
GP12,Werewolves
EP12,High Shcool Years
SP34,First Fits
SP35,Desert Luxe
SP36,Everyday Clutter
SP37,Pastel Pop
SP38,Simtimates
SP39,Bathroom Clutter
EP13,Growing Together
SP40,Greenhouse Haven
SP41,Basement Treasures
SP42,Grunge Revival
SP43,Book Nook
EP14,Horse Ranch
SP44,Modern Luxe
SP45,Poolside Splash
SP46,Home Chef Hustle
EP15,For Rent
SP47,Castle Estate
SP48,Goth Galore
SP49,Crystal Creations
SP50,Urban Homage
SP51,Party Essentials
SP52,Riviera Retreat
SP53,Cozy Bistro
EP16,Lovestruck
SP54,Artist Studio
SP55,Storybook Nursery
EP17,Life and Death
SP56,Sweet Slumber Party
SP57,Cozy Kitsch
SP58,Comfy Gamer
SP59,Secret Sanctuary
SP60,Casanova Cave
SP61,Refined Livingroom
SP62,Business Chic
EP18,Businesses and Hobbies
SP63,Sleek Bathroom
SP64,Sweet Allure
FP01,Holiday Celebration Pack
SP65,Restoration Workshop
SP66,Golden Years
SP67,Kitchen Clutter
EP19,Enchanted by Nature
SP71,Grange Mudroom
SP72,Essential Glam
EP20,Adventure Awaits?